{
  "method": "MILP-CBC",
  "n_episodes": 3,
  "disruption": false,
  "time_limit_s": 15.0,
  "mean_total_capital_cost_usd": 17227.46925842862,
  "std_total_capital_cost_usd": 12472.312045153296,
  "mean_total_delay_h": 44.0,
  "mean_total_ships_served": 36.333333333333336,
  "mean_solve_time_s": 0.01530607541402181,
  "raw_per_episode": [
    {
      "n_ships_total": 38,
      "n_ships_served": 38,
      "total_capital_cost_usd": 11924.100821125372,
      "total_delay_h": 24.0,
      "total_cargo_value_usd": 2307015460.362353,
      "solve_time_s": 0.016414880752563477,
      "status": "Optimal",
      "objective_value_usd": 11924.100821125372
    },
    {
      "n_ships_total": 40,
      "n_ships_served": 40,
      "total_capital_cost_usd": 5310.572075956257,
      "total_delay_h": 60.0,
      "total_cargo_value_usd": 908885113.6468376,
      "solve_time_s": 0.01626896858215332,
      "status": "Optimal",
      "objective_value_usd": 5310.572075956257
    },
    {
      "n_ships_total": 31,
      "n_ships_served": 31,
      "total_capital_cost_usd": 34447.73487820423,
      "total_delay_h": 48.0,
      "total_cargo_value_usd": 1254796511.835463,
      "solve_time_s": 0.013234376907348633,
      "status": "Optimal",
      "objective_value_usd": 34447.73487820423
    }
  ]
}