method,n_scenarios,mean_capital_usd,std_capital_usd,mean_delay_h,std_delay_h,mean_ships_served,mean_cargo_value_usd
FCFS,50,149991.11684741694,69334.67043562516,445.92,71.12913327181768,37.14,1693464587.5970423
MILP-CBC,50,11262.438360143813,14889.867363048164,41.52,15.028293316275139,40.0,1830481535.2465627
GA,50,149983.49925325948,69336.9836122663,445.92,71.12913327181768,37.14,1693464587.5970423
PPO,50,150975.1139305886,69325.46011683923,445.92,72.13427479360973,37.04,1692335347.0649912
