{
  "test_seeds": [
    5000,
    5001,
    5002,
    5003,
    5004,
    5005,
    5006,
    5007,
    5008,
    5009,
    5010,
    5011,
    5012,
    5013,
    5014,
    5015,
    5016,
    5017,
    5018,
    5019,
    5020,
    5021,
    5022,
    5023,
    5024,
    5025,
    5026,
    5027,
    5028,
    5029,
    5030,
    5031,
    5032,
    5033,
    5034,
    5035,
    5036,
    5037,
    5038,
    5039,
    5040,
    5041,
    5042,
    5043,
    5044,
    5045,
    5046,
    5047,
    5048,
    5049
  ],
  "summaries": [
    {
      "method": "FCFS",
      "n_scenarios": 50,
      "mean_capital_usd": 149991.11684741694,
      "std_capital_usd": 69334.67043562516,
      "mean_delay_h": 445.92,
      "std_delay_h": 71.12913327181768,
      "mean_ships_served": 37.14,
      "mean_cargo_value_usd": 1693464587.5970423
    },
    {
      "method": "MILP-CBC",
      "n_scenarios": 50,
      "mean_capital_usd": 11262.438360143813,
      "std_capital_usd": 14889.867363048164,
      "mean_delay_h": 41.52,
      "std_delay_h": 15.028293316275139,
      "mean_ships_served": 40.0,
      "mean_cargo_value_usd": 1830481535.2465627
    },
    {
      "method": "GA",
      "n_scenarios": 50,
      "mean_capital_usd": 149983.49925325948,
      "std_capital_usd": 69336.9836122663,
      "mean_delay_h": 445.92,
      "std_delay_h": 71.12913327181768,
      "mean_ships_served": 37.14,
      "mean_cargo_value_usd": 1693464587.5970423
    },
    {
      "method": "PPO",
      "n_scenarios": 50,
      "mean_capital_usd": 150975.1139305886,
      "std_capital_usd": 69325.46011683923,
      "mean_delay_h": 445.92,
      "std_delay_h": 72.13427479360973,
      "mean_ships_served": 37.04,
      "mean_cargo_value_usd": 1692335347.0649912
    }
  ],
  "savings_vs_fcfs": {
    "FCFS": 0.0,
    "MILP-CBC": 92.49126308486598,
    "GA": 0.005078696870569502,
    "PPO": -0.6560369066207103
  }
}